<?xml version="1.0"?>
<!DOCTYPE hibernate-mapping PUBLIC "-//Hibernate/Hibernate Mapping DTD 3.0//EN"
"http://hibernate.sourceforge.net/hibernate-mapping-3.0.dtd">
<!-- Generated 24/02/2010 12:08:38 PM by Hibernate Tools 3.2.4.GA -->
<hibernate-mapping>
    <class name="org.joedayz.corespringtest.model.Category" table="category">
        <id name="idCategory" type="java.lang.Integer">
            <column name="ID_CATEGORY" />
            <generator class="identity" />
        </id>
        <property name="name" type="string">
            <column name="NAME" length="50" not-null="true" />
        </property>
        <property name="code" type="string">
            <column name="CODE" length="20" not-null="true" />
        </property>
    </class>
</hibernate-mapping>
