<?xml version="1.0" encoding="UTF-8"?>
<beans xmlns="http://www.springframework.org/schema/beans"
	xmlns:xsi="http://www.w3.org/2001/XMLSchema-instance"
	xmlns:tx="http://www.springframework.org/schema/tx"
	xmlns:context="http://www.springframework.org/schema/context"
	xmlns:jdbc="http://www.springframework.org/schema/jdbc"
	xsi:schemaLocation="http://www.springframework.org/schema/beans http://www.springframework.org/schema/beans/spring-beans-3.0.xsd
		http://www.springframework.org/schema/context 				http://www.springframework.org/schema/context/spring-context-3.0.xsd
		http://www.springframework.org/schema/jdbc 					http://www.springframework.org/schema/jdbc/spring-jdbc-3.0.xsd 
		http://www.springframework.org/schema/tx	   				http://www.springframework.org/schema/tx/spring-tx-3.0.xsd">
	
	<context:component-scan base-package="org.joedayz.corespringtest" />

	<bean id="sessionFactory" class="org.springframework.orm.hibernate3.LocalSessionFactoryBean">
		<property name="dataSource" ref="dataSource" />
		<property name="mappingLocations">
			<list>
				<value>classpath:org/joedayz/corespringtest/model/Category.hbm.xml</value>
				<value>classpath:org/joedayz/corespringtest/model/Product.hbm.xml</value>
				<value>classpath:org/joedayz/corespringtest/model/cart.hbm.xml</value>
				<value>classpath:org/joedayz/corespringtest/model/item.hbm.xml</value>
				<value>classpath:org/joedayz/corespringtest/model/Pedido.hbm.xml</value>
				
			</list>
		</property>
		<property name="hibernateProperties">
			<value>
				hibernate.dialect 				= 	org.hibernate.dialect.MySQL5InnoDBDialect
				hibernate.format_sql			=	true
				hibernate.show_sql				=	true
			</value>
		</property>		
	</bean>

	<bean id="dataSource" class="org.springframework.jdbc.datasource.DriverManagerDataSource">
		<property name="driverClassName" value="com.mysql.jdbc.Driver"/>
		<property name="url" value="jdbc:mysql://localhost:3306/online"/>
		<property name="username" value="root"/>
		<property name="password" value=""/>
	</bean>     

	<!-- Weaves in transactional advice around @Transactional methods -->
	<tx:annotation-driven transaction-manager="transactionManager" />

	<!-- Drives transactions using Hibernate APIs when requested -->
	<bean id="transactionManager" class="org.springframework.orm.hibernate3.HibernateTransactionManager">
		<property name="sessionFactory" ref="sessionFactory" />
	</bean>
		
	<!-- Translates Hibernate exceptions to Spring Data Access Exceptions -->
	<bean class="org.springframework.dao.annotation.PersistenceExceptionTranslationPostProcessor"/>
	
	
	
</beans>